{
  "runs": 5,
  "rolls_per_run": 20,
  "avg_ms": 1.8571286000110376,
  "ops_per_sec": 10769.313444357667
}